{
  "energy_min": 53.26327834004948,
  "energy_max": 99.20111959032307,
  "temp_min": 8.0455,
  "temp_max": 34.0955
}